Incident.month,Incident.year,Recovery.status,State,Latitude,Longitude,Shark.common.name,Provoked.unprovoked
11,1941,injured,WA,-26.46666667,110.2666667,other,Unprovoked
6,2016,injured,WA,-23.02411667,113.1294,other,Provoked
2,2017,injured,WA,-23.2411667,113.1294,bull shark,Unprovoked
5,1995,uninjured,WA,-24.83333333,113.1333333,tiger shark,Unprovoked
8,2012,injured,WA,-24.38333333,113.3833333,tiger shark,Unprovoked
4,2011,injured,WA,-24.48333333,113.4,other,Provoked
8,2014,injured,WA,-23.78333333,113.5,other,Provoked
12,1941,injured,WA,-24.88333333,113.65,bull shark,Unprovoked
6,2020,injured,WA,-22.6799,113.698,other,Unprovoked
4,2014,injured,WA,-23.13333333,113.75,other,Provoked
3,1984,injured,WA,-23.13333333,113.7666667,other,Unprovoked
5,2007,injured,WA,-23.13333333,113.7666667,other,Provoked
1,2012,injured,WA,-23.13333333,113.7666667,tiger shark,Unprovoked
3,2005,fatal,WA,-28.71666667,113.7833333,white shark,Unprovoked
3,1803,injured,WA,-25.83333333,113.8833333,tiger shark,Unprovoked
8,1907,injured,WA,-28.85,113.9,tiger shark,Provoked
12,2016,injured,WA,-21.15741667,114.0218833,other,Unprovoked
7,2007,uninjured,WA,-21.95,114.1166667,white shark,Unprovoked
2,2011,injured,WA,-21.95,114.1166667,other,Unprovoked
10,2013,injured,WA,-21.95,114.1166667,other,Unprovoked
4,2020,uninjured,WA,-21.93,114.117778,bull shark,Unprovoked
12,2019,injured,WA,-20.3441,114.143,other,
9,2016,uninjured,WA,-33.11656667,114.1649,white shark,Unprovoked
1,1893,uninjured,WA,-28.76666667,114.6,other,Provoked
8,1930,injured,WA,-28.76666667,114.6,other,Provoked
3,2013,injured,WA,-28.8,114.6,other,Provoked
5,1923,injured,WA,-28.81666667,114.6166667,other,Provoked
8,2010,fatal,WA,-33.85,114.9666667,white shark,Unprovoked
11,2013,fatal,WA,-33.85,114.9666667,white shark,Unprovoked
11,2003,injured,WA,-33.63333333,114.9833333,other,Provoked
7,2004,fatal,WA,-33.85,114.9833333,white shark,Unprovoked
3,2001,injured,WA,-33.96666667,114.9833333,other,Unprovoked
12,2003,injured,WA,-33.96666667,114.9833333,other,Provoked
11,2003,injured,WA,-33.96666667,114.9833333,other,Provoked
4,2004,injured,WA,-33.96666667,114.9833333,other,Unprovoked
12,1997,injured,WA,-33.98333333,114.9833333,other,Unprovoked
1,2004,injured,WA,-33.98333333,114.9833333,other,Unprovoked
9,2017,uninjured,WA,-33.8585,114.9843,white shark,Unprovoked
1,2021,injured,WA,-33.864,114.9864,other,Unprovoked
4,2018,uninjured,WA,-33.9825,114.9922,white shark,Unprovoked
2,2019,uninjured,WA,-33.6702,114.9951,white shark,Provoked
4,1963,injured,WA,-33.63333333,115,white shark,Unprovoked
12,2001,uninjured,WA,-33.63333333,115,white shark,Unprovoked
4,2008,injured,WA,-33.63333333,115,other,Provoked
8,1967,fatal,WA,-30.25,115.0166667,white shark,Provoked
3,2004,injured,WA,-30.25,115.0166667,other,Provoked
11,1960,injured,WA,-34.21666667,115.0166667,other,Provoked
1,1964,injured,WA,-34.21666667,115.0166667,other,Provoked
1,1998,injured,WA,-34.21666667,115.0166667,other,Provoked
12,2001,uninjured,WA,-34.25,115.0166667,white shark,Provoked
4,2018,injured,WA,-33.8416,115.0221,white shark,Unprovoked
4,2018,injured,WA,-33.8416,115.0221,white shark,Unprovoked
1,2018,injured,WA,-33.8416,115.0221,other,Unprovoked
5,2018,uninjured,WA,-33.8416,115.0221,white shark,Unprovoked
9,2011,fatal,WA,-33.53333333,115.0333333,white shark,Unprovoked
7,2020,injured,WA,-33.5427,115.0392,white shark,Unprovoked
3,2018,uninjured,WA,-34.2256,115.0609,tiger shark,Provoked
2,2018,injured,WA,-33.5638,115.0629,other,Provoked
3,2000,injured,WA,-31.95,115.0666667,white shark,Unprovoked
3,1910,uninjured,WA,-34.36666667,115.1166667,other,Unprovoked
12,2016,injured,WA,-31.14531667,115.1265,other,Unprovoked
10,2010,injured,WA,-30.83333333,115.2666667,white shark,Unprovoked
7,2012,fatal,WA,-30.83333333,115.2666667,white shark,Unprovoked
1,1849,fatal,WA,-33.36666667,115.2833333,white shark,Provoked
11,1980,injured,WA,-31,115.3,white shark,Unprovoked
12,1974,injured,WA,-33.63333333,115.35,other,Unprovoked
8,2009,uninjured,WA,-32,115.45,white shark,Unprovoked
10,2011,fatal,WA,-32,115.45,white shark,Unprovoked
2,1981,injured,WA,-32,115.5166667,other,Unprovoked
1,1989,injured,WA,-32,115.5166667,other,Unprovoked
9,1996,injured,WA,-32,115.5166667,other,Unprovoked
3,2012,fatal,WA,-33.46666667,115.5166667,white shark,Unprovoked
1,2020,uninjured,WA,-31.9908,115.5215,white shark,Provoked
6,1895,fatal,WA,-20.78333333,115.5333333,tiger shark,Provoked
11,1936,injured,WA,-31.98333333,115.5333333,other,Provoked
1,1948,injured,WA,-31.98333333,115.5333333,other,Provoked
12,1965,injured,WA,-31.98333333,115.5333333,other,Provoked
9,1966,uninjured,WA,-31.98333333,115.5333333,other,Provoked
7,2004,injured,WA,-31.98333333,115.5333333,other,Unprovoked
1,2008,injured,WA,-31.98333333,115.5333333,other,Unprovoked
3,2009,injured,WA,-31.98333333,115.5333333,other,Provoked
6,2015,injured,WA,-31.98333333,115.5333333,other,Provoked
2,2014,uninjured,WA,-32,115.55,white shark,Provoked
11,2014,injured,WA,-32.6,115.6166667,other,Unprovoked
10,2015,injured,WA,-32.6,115.6166667,other,Unprovoked
2,1910,injured,WA,-33.31666667,115.6166667,white shark,Unprovoked
11,2018,injured,WA,-32.6036,115.6304,other,Unprovoked
5,2016,fatal,WA,-32.58333333,115.6333333,white shark,Unprovoked
11,1885,injured,WA,-33.31666667,115.6333333,white shark,Unprovoked
2,1912,uninjured,WA,-33.31666667,115.6333333,other,Provoked
2,1924,injured,WA,-33.31666667,115.6333333,other,Unprovoked
6,2004,injured,WA,-33.33333333,115.6333333,white shark,Unprovoked
6,2017,uninjured,WA,-33.3146,115.635,white shark,Unprovoked
2,1961,uninjured,WA,-32.11666667,115.65,other,Provoked
4,1987,injured,WA,-32.16666667,115.65,other,Unprovoked
2,2017,uninjured,WA,-32.567,115.65,other,Unprovoked
6,2016,fatal,WA,-31.66666667,115.6666667,white shark,Unprovoked
10,2010,injured,WA,-32.18333333,115.6833333,white shark,Unprovoked
10,1964,injured,WA,-32.51666667,115.6833333,other,Provoked
1,2004,injured,WA,-33.13333333,115.6833333,white shark,Provoked
1,2002,injured,WA,-33.3,115.6833333,other,Unprovoked
3,2009,injured,WA,-32.5,115.7,white shark,Unprovoked
11,1991,injured,WA,-32.51666667,115.7,white shark,Unprovoked
8,1978,uninjured,WA,-31.76666667,115.7166667,white shark,Unprovoked
10,2012,uninjured,WA,-31.76666667,115.7166667,white shark,Unprovoked
6,2012,uninjured,WA,-31.78333333,115.7166667,white shark,Unprovoked
12,2008,fatal,WA,-32.35,115.7166667,white shark,Provoked
3,2003,injured,WA,-32.53333333,115.7166667,other,Provoked
9,2019,uninjured,WA,-31.7247,115.7249,white shark,Provoked
2,2018,injured,WA,-31.7789,115.7326,other,Unprovoked
2,2000,injured,WA,-31.81666667,115.7333333,other,Unprovoked
12,1914,injured,WA,-31.98333333,115.7333333,other,Provoked
11,1920,injured,WA,-31.98333333,115.7333333,other,Unprovoked
2,1981,injured,WA,-32.01666667,115.7333333,other,Unprovoked
3,1956,uninjured,WA,-32.13333333,115.7333333,other,Unprovoked
5,2013,uninjured,WA,-32.4,115.7333333,white shark,Unprovoked
2,2018,uninjured,WA,-32.5361,115.7424,other,Provoked
3,1984,injured,WA,-31.83333333,115.75,other,Unprovoked
3,1985,injured,WA,-31.85,115.75,other,Provoked
2,2004,injured,WA,-31.85,115.75,other,Unprovoked
2,2004,injured,WA,-31.85,115.75,other,Unprovoked
12,1999,uninjured,WA,-31.88333333,115.75,white shark,Provoked
9,2005,uninjured,WA,-31.88333333,115.75,white shark,Unprovoked
6,2004,uninjured,WA,-31.91666667,115.75,white shark,Provoked
2,1946,injured,WA,-31.93333333,115.75,white shark,Unprovoked
1,2006,injured,WA,-31.93333333,115.75,white shark,Provoked
8,2002,uninjured,WA,-31.96666667,115.75,white shark,Unprovoked
11,1925,fatal,WA,-31.98333333,115.75,tiger shark,Unprovoked
10,1997,injured,WA,-31.98333333,115.75,white shark,Unprovoked
4,2000,injured,WA,-31.98333333,115.75,other,Provoked
11,2000,injured,WA,-31.98333333,115.75,white shark,Unprovoked
11,2000,fatal,WA,-31.98333333,115.75,white shark,Unprovoked
10,2011,fatal,WA,-31.98333333,115.75,white shark,Unprovoked
1,2019,injured,WA,-31.989,115.7526,other,Unprovoked
1,1923,fatal,WA,-31.96666667,115.7666667,bull shark,Unprovoked
1,2021,injured,WA,-32.0117,115.7866,bull shark,Unprovoked
1,1959,injured,WA,-31.95,115.85,bull shark,Provoked
1,1964,uninjured,WA,-31.95,115.85,other,Provoked
2,1968,injured,WA,-31.95,115.85,bull shark,Unprovoked
11,1969,injured,WA,-31.95,115.85,bull shark,Unprovoked
2,1933,uninjured,WA,-31.96666667,115.85,bull shark,Provoked
1,2013,injured,WA,-20.35,116.8166667,other,Provoked
6,2010,injured,WA,-35.03333333,116.8333333,white shark,Unprovoked
12,2006,uninjured,WA,-20.36666667,116.8666667,other,Provoked
2,1911,uninjured,WA,-20.38333333,116.8666667,tiger shark,Unprovoked
5,1952,injured,WA,-35.06666667,117.05,other,Provoked
1,1936,injured,WA,-20.66666667,117.1833333,tiger shark,Provoked
9,2017,injured,WA,-20.61367,117.1863,other,Unprovoked
1,1876,injured,WA,-20.7,117.25,bull shark,Provoked
11,1920,injured,WA,-35.01666667,117.3333333,other,Unprovoked
6,2015,injured,WA,-35.01666667,117.3333333,white shark,Unprovoked
1,1996,injured,WA,-35.05,117.6833333,other,Provoked
5,2008,injured,WA,-35.01666667,117.9166667,white shark,Unprovoked
11,1997,injured,WA,-35.13333333,117.95,white shark,Unprovoked
12,2014,fatal,WA,-32.60315055,115.6299629,white shark,Provoked
10,2015,injured,WA,-34.88003124,118.404958,white shark,Provoked
12,1917,injured,WA,-20.3,118.5833333,tiger shark,Unprovoked
11,1916,fatal,WA,-20,119.3333333,tiger shark,Provoked
11,1923,fatal,WA,-20,119.35,tiger shark,Provoked
11,1923,fatal,WA,-20,119.35,tiger shark,Provoked
11,1916,injured,WA,-20,119.3666667,tiger shark,Provoked
9,1995,fatal,WA,-33.88333333,120.6833333,white shark,Unprovoked
4,2017,fatal,WA,-33.83250092,121.9968696,white shark,Unprovoked
3,1987,injured,WA,-33.88333333,121.8166667,white shark,Unprovoked
11,1896,fatal,WA,-33.85,121.8833333,white shark,Unprovoked
2,1971,injured,WA,-33.85,121.8833333,other,Provoked
10,2020,fatal,WA,-34.8611,121.8919,white shark,Unprovoked
1,2020,fatal,WA,-33.9222,121.9032,white shark,Unprovoked
10,2014,injured,WA,-33.83333333,121.9166667,white shark,Unprovoked
5,1882,fatal,WA,-15.88333333,122,tiger shark,Provoked
7,1933,uninjured,WA,-17.96666667,122.1666667,tiger shark,Provoked
5,1949,injured,WA,-17.96666667,122.1666667,bull shark,Unprovoked
11,2020,fatal,WA,-17.9319,122.2081,bull shark,Unprovoked
12,2020,injured,WA,-17.9319,122.2081,other,Unprovoked
3,1989,uninjured,WA,-17.96666667,122.2333333,tiger shark,Provoked
11,1993,fatal,WA,-17.96666667,122.2333333,tiger shark,Provoked
1,1882,injured,WA,-17.98333333,122.2333333,tiger shark,Provoked
12,1882,fatal,WA,-17.98333333,122.2333333,tiger shark,Provoked
7,1927,uninjured,WA,-17.98333333,122.2333333,tiger shark,Provoked
12,2006,injured,WA,-33.91666667,122.5833333,white shark,Unprovoked
2,1957,fatal,WA,-16.38333333,122.9166667,tiger shark,Unprovoked
12,1989,injured,WA,-16.38333333,122.9166667,other,Unprovoked
1,2018,injured,WA,-16.4683,123.5353,bull shark,Provoked
10,2013,injured,WA,-33.95,123.9166667,white shark,Provoked
9,1984,injured,NT,-14.11666667,129.5333333,tiger shark,Unprovoked
7,1938,fatal,NT,-11.4,130.4,other,Provoked
7,1947,uninjured,NT,-12.45,130.7833333,tiger shark,Provoked
3,1986,injured,NT,-12.36666667,130.8333333,other,Provoked
6,1933,uninjured,NT,-12.45,130.8333333,other,Provoked
1,1943,injured,NT,-12.46666667,130.8333333,tiger shark,Unprovoked
1,1900,injured,NT,-11.6,130.95,tiger shark,Unprovoked
1,1901,injured,NT,-11.6,130.95,tiger shark,Unprovoked
10,1987,injured,NT,-14.16666667,132.1833333,bull shark,Unprovoked
10,1989,injured,NT,-14.16666667,132.1833333,bull shark,Unprovoked
10,1934,fatal,NT,-11.66666667,132.5166667,tiger shark,Unprovoked
12,1932,injured,NT,-11.93333333,132.6166667,tiger shark,Unprovoked
2,1975,fatal,SA,-32.08333333,132.9666667,white shark,Provoked
8,1977,injured,SA,-32.08333333,132.9666667,white shark,Unprovoked
9,1980,uninjured,SA,-32.08333333,132.9666667,white shark,Unprovoked
3,1995,injured,SA,-32.08333333,132.9666667,white shark,Unprovoked
9,2000,fatal,SA,-32.08333333,132.9666667,white shark,Unprovoked
2,2000,injured,SA,-32.08333333,132.9833333,white shark,Unprovoked
3,1938,injured,NT,-12.03333333,134.2,other,Unprovoked
1,1974,fatal,SA,-32.76666667,134.2,white shark,Provoked
7,2012,injured,SA,-32.76666667,134.2,white shark,Unprovoked
11,2000,uninjured,SA,-33.18333333,134.65,white shark,Provoked
9,2000,fatal,SA,-33.61666667,134.8166667,white shark,Unprovoked
5,2014,uninjured,SA,-33.63333333,134.8666667,white shark,Unprovoked
2,2011,fatal,SA,-34.71666667,135.15,white shark,Provoked
1,2003,uninjured,SA,-33.86666667,135.1666667,white shark,Unprovoked
8,1992,injured,SA,-34.25,135.1666667,white shark,Unprovoked
1,1975,fatal,SA,-34.68333333,135.35,white shark,Unprovoked
9,2005,injured,SA,-34.83333333,135.6833333,white shark,Unprovoked
4,2015,injured,SA,-34.86666667,135.7666667,white shark,Unprovoked
4,2002,fatal,SA,-34.36666667,135.9166667,white shark,Provoked
3,1985,fatal,SA,-34.46666667,136.0166667,white shark,Unprovoked
12,1983,injured,SA,-35.31666667,136.1,white shark,Provoked
6,1998,fatal,SA,-35.31666667,136.1,white shark,Unprovoked
9,1968,uninjured,SA,-35,136.1666667,white shark,Unprovoked
11,1972,uninjured,SA,-35,136.1666667,white shark,Unprovoked
9,2018,injured,NT,-13.97,136.5933,bull shark,Unprovoked
7,2003,uninjured,NT,-12.18333333,136.7666667,tiger shark,Unprovoked
11,2018,injured,NT,-12.1825,136.7819,other,Provoked
4,2005,injured,NT,-12.11666667,136.8,other,Provoked
2,2019,injured,NT,-13.8611,136.8116,other,Provoked
12,1989,injured,NT,-12.28333333,136.8166667,tiger shark,Provoked
4,2012,injured,SA,-35.18333333,136.85,white shark,Unprovoked
2,1914,injured,SA,-35.23333333,136.9666667,other,Provoked
3,1926,fatal,SA,-34.9,137,white shark,Unprovoked
1,1936,fatal,SA,-34.9,137,white shark,Unprovoked
12,2004,fatal,SA,-34.9,137,white shark,Unprovoked
3,1869,injured,SA,-34.13333333,137.45,other,Provoked
5,1999,fatal,SA,-34.88333333,137.45,white shark,Unprovoked
9,2005,injured,SA,-35.08333333,137.5333333,white shark,Unprovoked
12,2020,injured,SA,-35.9295,137.5966,white shark,Unprovoked
2,2014,fatal,SA,-35.13333333,137.7,white shark,Provoked
9,1976,injured,SA,-32.98333333,137.7833333,white shark,Provoked
3,1929,injured,SA,-34.41666667,137.9166667,other,Unprovoked
3,1929,injured,SA,-34.41666667,137.9166667,other,Unprovoked
1,1929,injured,SA,-34.41666667,137.9166667,other,Provoked
1,1884,fatal,SA,-33.18333333,137.9833333,white shark,Unprovoked
4,1993,injured,SA,-34.21666667,138.0166667,white shark,Provoked
12,1877,injured,SA,-34.73333333,138.0333333,other,Provoked
2,1968,uninjured,SA,-35.6,138.0833333,other,Provoked
11,2009,injured,SA,-35.5,138.2333333,white shark,Unprovoked
12,1962,fatal,SA,-35.4,138.3166667,white shark,Provoked
10,2017,uninjured,SA,-35.448,138.318,white shark,Unprovoked
3,1961,injured,SA,-35.28333333,138.4333333,white shark,Provoked
12,1963,injured,SA,-35.28333333,138.4333333,white shark,Provoked
9,1991,fatal,SA,-35.28333333,138.4333333,white shark,Unprovoked
12,1913,injured,SA,-35.05,138.45,white shark,Unprovoked
2,1873,uninjured,SA,-34.83333333,138.4666667,white shark,Unprovoked
6,2014,injured,SA,-35.63087083,138.4666667,white shark,Unprovoked
3,1989,fatal,SA,-35.63333333,138.4833333,white shark,Unprovoked
1,1836,injured,SA,-34.95,138.5,white shark,Unprovoked
2,1929,uninjured,SA,-34.96666667,138.5,white shark,Unprovoked
12,1946,injured,SA,-34.96666667,138.5,white shark,Unprovoked
3,1961,injured,SA,-34.96666667,138.5,other,Provoked
8,2005,fatal,SA,-34.96666667,138.5,white shark,Unprovoked
9,1987,fatal,SA,-34.91666667,138.5833333,white shark,Unprovoked
10,1988,injured,SA,-34.91666667,138.5833333,white shark,Unprovoked
1,1860,injured,SA,-35.56666667,138.6,white shark,Unprovoked
3,1964,injured,SA,-35.53333333,138.6166667,white shark,Unprovoked
2,1995,injured,SA,-35.53333333,138.6666667,other,Unprovoked
5,1856,injured,SA,-35.53333333,138.6833333,other,Unprovoked
1,1998,injured,SA,-35.5,138.7,other,Unprovoked
12,1998,injured,SA,-35.5,138.7,other,Unprovoked
6,2014,injured,SA,-35.5,138.7166667,white shark,Unprovoked
6,2014,uninjured,SA,-35.5,138.7166667,white shark,Unprovoked
10,1990,injured,SA,-35.51666667,138.7666667,white shark,Unprovoked
2,2003,injured,SA,-35.51666667,138.7666667,other,Unprovoked
11,1973,injured,QLD,-17.68333333,139.3666667,bull shark,Unprovoked
10,1947,injured,QLD,-16.55,139.4,tiger shark,Unprovoked
3,1975,injured,QLD,-16.55,139.4,tiger shark,Unprovoked
4,2007,injured,QLD,-16.55,139.4,other,Unprovoked
3,2016,injured,SA,-37.03333333,139.7333333,other,Provoked
2,1994,injured,SA,-37.31666667,139.8333333,other,Provoked
2,1912,injured,SA,-37.58333333,140.3333333,white shark,Provoked
12,1952,injured,SA,-38.01666667,140.5666667,white shark,Provoked
1,1954,injured,SA,-38.05,140.7,other,Provoked
1,1928,fatal,QLD,-9.516666667,141.5666667,tiger shark,Provoked
12,1849,injured,VIC,-38.33333333,141.6,white shark,Unprovoked
10,2009,uninjured,VIC,-38.33333333,141.6,white shark,Unprovoked
7,2015,injured,VIC,-38.25,141.7833333,white shark,Unprovoked
11,1964,injured,VIC,-38.41666667,142,white shark,Provoked
7,1930,fatal,QLD,-10.25,142.1,tiger shark,Provoked
10,1875,fatal,QLD,-10.25,142.1166667,tiger shark,Provoked
2,1876,fatal,QLD,-10.25,142.1166667,tiger shark,Provoked
1,1892,fatal,QLD,-10.11666667,142.1333333,tiger shark,Provoked
10,1929,injured,QLD,-10.11666667,142.1333333,tiger shark,Unprovoked
4,1929,fatal,QLD,-10.11666667,142.1333333,tiger shark,Unprovoked
10,1941,fatal,QLD,-10.11666667,142.1333333,tiger shark,Unprovoked
3,1989,injured,QLD,-10.11666667,142.1333333,other,Provoked
12,1905,fatal,QLD,-10.2,142.15,tiger shark,Provoked
6,1913,injured,QLD,-10.2,142.15,other,Provoked
8,1906,fatal,QLD,-9.95,142.1666667,tiger shark,Provoked
9,1939,injured,QLD,-9.95,142.1666667,tiger shark,Provoked
6,1938,fatal,QLD,-10.56666667,142.1666667,other,Provoked
12,1897,injured,QLD,-9.95,142.1833333,tiger shark,Unprovoked
6,1930,fatal,QLD,-9.95,142.1833333,tiger shark,Unprovoked
8,1936,injured,QLD,-9.95,142.1833333,other,Provoked
8,1937,injured,QLD,-9.95,142.1833333,tiger shark,Provoked
1,1930,injured,QLD,-10.15,142.1833333,tiger shark,Provoked
1,1986,fatal,QLD,-10.66666667,142.1833333,tiger shark,Provoked
7,1855,fatal,QLD,-10.56666667,142.2,tiger shark,Unprovoked
12,1895,uninjured,QLD,-10.56666667,142.2166667,tiger shark,Provoked
4,1901,injured,QLD,-10.56666667,142.2166667,tiger shark,Provoked
4,1901,injured,QLD,-10.56666667,142.2166667,tiger shark,Provoked
3,1911,fatal,QLD,-10.56666667,142.2166667,tiger shark,Unprovoked
3,1913,injured,QLD,-10.56666667,142.2166667,tiger shark,Provoked
10,1923,injured,QLD,-10.56666667,142.2166667,tiger shark,Provoked
11,1926,injured,QLD,-10.56666667,142.2166667,tiger shark,Provoked
4,1927,injured,QLD,-10.56666667,142.2166667,tiger shark,Provoked
1,1927,injured,QLD,-10.56666667,142.2166667,tiger shark,Provoked
4,1927,injured,QLD,-10.56666667,142.2166667,tiger shark,Provoked
12,1929,injured,QLD,-10.56666667,142.2166667,tiger shark,Unprovoked
9,1929,injured,QLD,-10.56666667,142.2166667,tiger shark,Provoked
2,1930,injured,QLD,-10.56666667,142.2166667,tiger shark,Unprovoked
1,1931,injured,QLD,-10.56666667,142.2166667,tiger shark,Provoked
8,1932,injured,QLD,-10.56666667,142.2166667,tiger shark,Unprovoked
9,1933,fatal,QLD,-10.56666667,142.2166667,tiger shark,Provoked
1,1935,fatal,QLD,-10.56666667,142.2166667,tiger shark,Unprovoked
1,1940,injured,QLD,-10.56666667,142.2166667,tiger shark,Provoked
10,1941,injured,QLD,-10.56666667,142.2166667,tiger shark,Unprovoked
11,1946,fatal,QLD,-10.56666667,142.2166667,tiger shark,Provoked
4,1957,injured,QLD,-10.56666667,142.2166667,tiger shark,Provoked
1,2010,injured,QLD,-10.56666667,142.2166667,other,Unprovoked
12,1928,injured,QLD,-10.58333333,142.2166667,tiger shark,Provoked
7,1928,injured,QLD,-10.58333333,142.2166667,tiger shark,Unprovoked
1,1931,injured,QLD,-10.58333333,142.2166667,tiger shark,Provoked
1,1937,injured,QLD,-10.58333333,142.2166667,tiger shark,Unprovoked
5,1956,injured,QLD,-10.58333333,142.2166667,tiger shark,Provoked
7,1957,injured,QLD,-10.58333333,142.2166667,tiger shark,Provoked
4,1959,injured,QLD,-10.58333333,142.2166667,tiger shark,Provoked
6,1936,fatal,QLD,-10.6,142.2166667,tiger shark,Provoked
12,1961,injured,QLD,-10.38333333,142.2833333,tiger shark,Unprovoked
11,1900,fatal,QLD,-10.55,142.3833333,other,Provoked
1,1954,injured,QLD,-10.23333333,142.4833333,tiger shark,Provoked
1,1877,injured,VIC,-38.38333333,142.4833333,white shark,Unprovoked
3,1961,injured,VIC,-38.38333333,142.4833333,white shark,Unprovoked
7,2008,uninjured,VIC,-38.38333333,142.4833333,white shark,Unprovoked
3,1878,injured,VIC,-38.38333333,142.5,other,Unprovoked
1,2017,uninjured,QLD,-10.65406667,142.5072333,other,Provoked
3,1929,fatal,QLD,-9.416666667,142.5333333,tiger shark,Unprovoked
2,1934,injured,QLD,-10.6,142.6166667,tiger shark,Provoked
5,1932,fatal,QLD,-9.4,142.6666667,tiger shark,Unprovoked
5,1935,injured,QLD,-9.4,142.6666667,other,Provoked
8,1935,fatal,QLD,-9.4,142.6666667,tiger shark,Provoked
1,1878,injured,QLD,-9.633333333,142.6833333,tiger shark,Provoked
11,1948,injured,QLD,-9.633333333,142.6833333,tiger shark,Provoked
4,1893,injured,QLD,-9.816666667,142.7,tiger shark,Unprovoked
6,2012,injured,VIC,-38.61666667,142.9833333,white shark,Unprovoked
5,1929,injured,QLD,-10.05,143.0666667,tiger shark,Provoked
7,2019,injured,QLD,-11.9667,143.2333,tiger shark,Provoked
10,1934,fatal,QLD,-9.966666667,143.2666667,tiger shark,Provoked
12,2016,uninjured,QLD,-12.45183333,143.3444167,bull shark,Provoked
3,1936,injured,QLD,-12.16666667,143.3833333,other,Unprovoked
3,1958,fatal,QLD,-9.75,143.4,tiger shark,Provoked
10,1939,injured,QLD,-12.61666667,143.45,tiger shark,Provoked
3,1936,injured,QLD,-12.78333333,143.6,tiger shark,Provoked
1,1893,fatal,QLD,-13.93333333,143.7333333,tiger shark,Unprovoked
9,1954,fatal,QLD,-9.583333333,143.7666667,tiger shark,Provoked
1,1959,injured,TAS,-39.85,143.8333333,white shark,Unprovoked
11,2020,uninjured,QLD,-13.7333,143.8667,other,Provoked
8,2017,injured,VIC,-38.5367,143.9715,white shark,Unprovoked
9,2016,uninjured,VIC,-38.06115,144.04745,white shark,Unprovoked
11,1959,injured,VIC,-38.45,144.0833333,white shark,Unprovoked
2,1975,injured,VIC,-38.4,144.1833333,other,Provoked
12,1996,injured,VIC,-38.41666667,144.1833333,other,Unprovoked
12,2006,injured,VIC,-38.36666667,144.2666667,white shark,Unprovoked
3,2014,uninjured,VIC,-38.36666667,144.2666667,white shark,Unprovoked
3,2018,injured,VIC,-38.37,144.28,other,Unprovoked
5,2020,injured,VIC,-38.3669,144.2847,other,Unprovoked
2,1985,uninjured,VIC,-38.33333333,144.3,white shark,Unprovoked
6,1891,injured,VIC,-38.33333333,144.3166667,other,Provoked
2,1856,injured,VIC,-38.13333333,144.4166667,white shark,Unprovoked
1,2010,injured,VIC,-38.28333333,144.4333333,white shark,Unprovoked
11,1997,uninjured,VIC,-38.28333333,144.45,white shark,Unprovoked
2,1928,fatal,QLD,-14.15,144.5,tiger shark,Provoked
2,1933,injured,QLD,-14.15,144.5,tiger shark,Provoked
10,1933,injured,QLD,-14.15,144.5,tiger shark,Provoked
12,2003,uninjured,VIC,-38.26666667,144.5333333,other,Unprovoked
3,1992,injured,VIC,-38.28333333,144.6,white shark,Unprovoked
7,1889,fatal,VIC,-38.33333333,144.6166667,white shark,Unprovoked
2,2016,uninjured,TAS,-40.91666667,144.6166667,white shark,Unprovoked
3,1877,injured,VIC,-38.1,144.65,white shark,Unprovoked
1,1991,uninjured,VIC,-38.26666667,144.65,other,Provoked
1,1950,injured,VIC,-37.96666667,144.7,other,Provoked
3,1956,fatal,VIC,-38.33333333,144.7,white shark,Unprovoked
2,2004,uninjured,VIC,-38.36666667,144.75,white shark,Provoked
1,2017,injured,QLD,-9.863916667,144.7908167,other,Unprovoked
11,1865,fatal,VIC,-37.86666667,144.8666667,white shark,Unprovoked
2,1987,fatal,VIC,-38.46666667,144.8833333,white shark,Unprovoked
11,1994,injured,VIC,-38.46666667,144.8833333,other,Provoked
3,1858,fatal,VIC,-37.85,144.9,white shark,Unprovoked
2,1862,injured,VIC,-37.85,144.9,white shark,Unprovoked
12,1920,injured,QLD,-14.5,144.9166667,other,Provoked
1,1877,fatal,VIC,-37.83333333,144.9333333,white shark,Unprovoked
10,1924,injured,VIC,-37.83333333,144.9333333,white shark,Unprovoked
1,1965,injured,VIC,-37.83333333,144.9333333,other,Provoked
2,1876,fatal,VIC,-37.85,144.95,white shark,Unprovoked
1,1876,injured,VIC,-37.86666667,144.9666667,white shark,Unprovoked
10,2011,uninjured,VIC,-37.88333333,144.9833333,other,Provoked
3,1863,injured,VIC,-37.9,144.9833333,white shark,Unprovoked
2,1930,fatal,VIC,-37.9,144.9833333,white shark,Unprovoked
6,1954,injured,QLD,-16.91666667,145,tiger shark,Provoked
6,1914,fatal,VIC,-37.95,145,white shark,Unprovoked
2,1956,uninjured,VIC,-37.96666667,145,other,Provoked
1,1960,injured,VIC,-37.98333333,145.0166667,other,Provoked
1,2005,uninjured,VIC,-37.98333333,145.0166667,white shark,Provoked
3,1958,uninjured,VIC,-38.21666667,145.0166667,other,Provoked
2,1961,injured,VIC,-38.26666667,145.0166667,other,Unprovoked
4,1961,uninjured,VIC,-38.46666667,145.0166667,other,Provoked
8,2004,uninjured,VIC,-38.46666667,145.0166667,white shark,Unprovoked
11,2005,injured,VIC,-38.46666667,145.0166667,white shark,Unprovoked
7,2013,injured,VIC,-38.46666667,145.0166667,white shark,Unprovoked
3,1980,injured,VIC,-38.41666667,145.05,other,Provoked
4,1960,injured,VIC,-38.16666667,145.0666667,other,Provoked
6,1996,uninjured,VIC,-38.41666667,145.0666667,white shark,Unprovoked
2,1995,uninjured,VIC,-38.51666667,145.0833333,other,Provoked
1,1997,uninjured,VIC,-38.51666667,145.0833333,white shark,Unprovoked
11,1952,injured,VIC,-38.38333333,145.15,white shark,Unprovoked
2,1956,injured,VIC,-38.43333333,145.2333333,other,Unprovoked
10,1988,injured,VIC,-38.5,145.2666667,white shark,Unprovoked
1,1989,uninjured,VIC,-38.5,145.2666667,white shark,Unprovoked
7,2020,injured,TAS,-40.7667,145.3,white shark,Provoked
10,1911,injured,QLD,-15.48333333,145.4,tiger shark,Provoked
9,1888,injured,QLD,-15.47641799,145.2468463,tiger shark,Provoked
2,2020,injured,QLD,-14.6787,145.4483,other,Unprovoked
4,1906,fatal,QLD,-14.66666667,145.45,tiger shark,Unprovoked
3,1935,injured,QLD,-14.66666667,145.45,tiger shark,Provoked
1,1987,injured,QLD,-14.66666667,145.45,tiger shark,Unprovoked
12,1987,uninjured,QLD,-14.66666667,145.45,other,Provoked
12,2005,injured,QLD,-16.48333333,145.45,other,Provoked
1,2018,injured,QLD,-14.668,145.4638,other,Provoked
11,1989,injured,VIC,-38.53333333,145.4666667,white shark,Unprovoked
8,1946,fatal,QLD,-16.71666667,145.6333333,tiger shark,Unprovoked
4,1949,fatal,QLD,-16.71666667,145.6333333,tiger shark,Unprovoked
6,1945,fatal,QLD,-16.71666667,145.6666667,tiger shark,Unprovoked
9,1942,injured,QLD,-16.78333333,145.7,tiger shark,Unprovoked
4,1946,fatal,QLD,-16.78333333,145.7,tiger shark,Unprovoked
12,2014,fatal,QLD,-16.2,145.75,tiger shark,Provoked
2,1901,injured,QLD,-16.85,145.75,other,Provoked
2,1916,uninjured,TAS,-41.05,145.75,other,Provoked
9,2004,uninjured,QLD,-16.4,145.7666667,tiger shark,Provoked
8,1949,injured,QLD,-16.81666667,145.7666667,tiger shark,Unprovoked
8,1949,fatal,QLD,-16.81666667,145.7666667,tiger shark,Unprovoked
5,1932,injured,QLD,-16.91666667,145.7666667,tiger shark,Provoked
11,1965,injured,QLD,-16.91666667,145.7666667,tiger shark,Unprovoked
10,1980,injured,QLD,-16.91666667,145.7666667,other,Provoked
10,2007,injured,QLD,-16.91666667,145.7666667,other,Provoked
4,1950,fatal,QLD,-16.9,145.85,tiger shark,Unprovoked
5,1990,injured,QLD,-16.21666667,145.8833333,other,Provoked
5,1990,injured,QLD,-16.21666667,145.8833333,other,Provoked
12,2004,fatal,QLD,-16.21666667,145.8833333,tiger shark,Provoked
12,2002,injured,QLD,-16.66666667,145.9333333,other,Provoked
10,1955,injured,QLD,-17.93333333,145.9333333,other,Provoked
12,1981,injured,QLD,-16.75,145.9666667,tiger shark,Unprovoked
5,1927,fatal,QLD,-17.21666667,145.9666667,tiger shark,Unprovoked
1,1880,fatal,QLD,-16.9,145.9833333,tiger shark,Unprovoked
7,2020,injured,QLD,-16.9337,145.9943,other,Unprovoked
11,1931,injured,QLD,-17.53333333,146.0166667,tiger shark,Provoked
11,1935,injured,QLD,-17.53333333,146.0166667,tiger shark,Provoked
11,1918,fatal,QLD,-16.7,146.05,tiger shark,Provoked
4,1936,injured,QLD,-16.7,146.05,tiger shark,Provoked
9,2015,injured,QLD,-17.21666667,146.0833333,other,Unprovoked
5,1923,fatal,QLD,-16.85,146.15,tiger shark,Provoked
2,2008,injured,VIC,-38.83333333,146.1666667,other,Unprovoked
2,2017,injured,QLD,-18.24948333,146.1839333,tiger shark,Unprovoked
10,1921,fatal,QLD,-16.9,146.2333333,tiger shark,Unprovoked
11,1937,injured,QLD,-18.53333333,146.2333333,tiger shark,Provoked
2,1975,injured,VIC,-38.93333333,146.2333333,white shark,Unprovoked
6,2012,injured,TAS,-43.51666667,146.2333333,white shark,Unprovoked
1,1938,injured,QLD,-18.13333333,146.25,tiger shark,Unprovoked
6,2019,uninjured,TAS,-43.6523,146.277,white shark,Provoked
8,1934,fatal,QLD,-18.23333333,146.3166667,tiger shark,Unprovoked
3,1973,injured,QLD,-18.51666667,146.35,tiger shark,Unprovoked
10,1972,injured,QLD,-17.1,146.4,other,Provoked
1,1956,injured,QLD,-17.71666667,146.4,tiger shark,Provoked
8,1839,fatal,VIC,-38.98333333,146.45,white shark,Provoked
1,1998,uninjured,QLD,-18.66666667,146.5,tiger shark,Unprovoked
11,2000,uninjured,QLD,-18.66666667,146.5,tiger shark,Provoked
5,1942,injured,QLD,-17.7,146.5166667,tiger shark,Provoked
12,1926,fatal,QLD,-18.71666667,146.5666667,tiger shark,Provoked
8,2011,fatal,QLD,-18.71666667,146.5666667,tiger shark,Unprovoked
1,1912,fatal,QLD,-19.45,146.6,bull shark,Unprovoked
1,1919,fatal,QLD,-19.45,146.6,bull shark,Unprovoked
1,1922,fatal,QLD,-19.45,146.6,bull shark,Unprovoked
9,1929,fatal,QLD,-19.45,146.6,bull shark,Unprovoked
12,1929,fatal,QLD,-19.45,146.6,bull shark,Unprovoked
3,1931,fatal,QLD,-19.45,146.6,bull shark,Provoked
5,1937,fatal,QLD,-19.45,146.6,bull shark,Unprovoked
9,1985,uninjured,QLD,-13.91666667,146.6166667,other,Provoked
1,1987,injured,QLD,-13.91666667,146.6166667,other,Provoked
1,2009,injured,QLD,-13.91666667,146.6166667,other,Provoked
10,1921,injured,QLD,-18.23333333,146.65,tiger shark,Provoked
10,2020,injured,QLD,-18.25,146.666944,bull shark,Provoked
11,1916,fatal,QLD,-19.23333333,146.8,tiger shark,Unprovoked
10,1951,fatal,QLD,-19.23333333,146.8,tiger shark,Unprovoked
11,1916,fatal,QLD,-19.23333333,146.8166667,tiger shark,Unprovoked
3,1923,injured,QLD,-19.23333333,146.8166667,bull shark,Unprovoked
9,1900,injured,QLD,-19.25,146.8166667,tiger shark,Unprovoked
2,1907,fatal,QLD,-19.25,146.8166667,bull shark,Unprovoked
9,1918,fatal,QLD,-19.25,146.8166667,tiger shark,Unprovoked
3,1920,injured,QLD,-19.25,146.8166667,tiger shark,Unprovoked
1,1933,fatal,QLD,-19.25,146.8166667,tiger shark,Unprovoked
1,1946,injured,QLD,-19.25,146.8166667,other,Unprovoked
2,1952,uninjured,QLD,-19.25,146.8166667,bull shark,Provoked
12,2000,injured,QLD,-19.25,146.8166667,other,Unprovoked
1,1929,fatal,QLD,-19.13333333,146.8333333,tiger shark,Unprovoked
12,1914,injured,QLD,-19.16666667,146.8333333,other,Unprovoked
2,1982,fatal,TAS,-43.56666667,146.8833333,white shark,Provoked
2,1982,uninjured,TAS,-43.51666667,146.9,white shark,Unprovoked
6,1993,fatal,TAS,-40.93333333,146.9833333,white shark,Unprovoked
4,1993,uninjured,TAS,-40.93333333,146.9833333,white shark,Provoked
7,1983,fatal,QLD,-18.68333333,147.1,tiger shark,Unprovoked
7,1983,fatal,QLD,-18.68333333,147.1,tiger shark,Unprovoked
1,2008,uninjured,TAS,-41,147.1333333,white shark,Unprovoked
1,1890,injured,TAS,-42.73333333,147.2333333,other,Unprovoked
1,1830,injured,TAS,-43.28333333,147.3333333,white shark,Unprovoked
7,1975,fatal,TAS,-43.35,147.35,white shark,Provoked
5,2005,injured,QLD,-19.35,147.3666667,other,Provoked
3,2019,injured,QLD,-18.156,147.48,other,Unprovoked
1,1820,fatal,TAS,-42.8,147.5333333,other,Unprovoked
8,2015,uninjured,QLD,-18.83333333,147.6333333,tiger shark,Unprovoked
7,1983,uninjured,QLD,-18.9,147.7333333,tiger shark,Unprovoked
6,1923,injured,QLD,-18.7,147.7666667,tiger shark,Provoked
6,1984,uninjured,TAS,-43.23333333,147.7833333,white shark,Provoked
1,1959,fatal,TAS,-43.15,147.85,white shark,Provoked
7,2015,fatal,TAS,-42.63333333,147.9833333,white shark,Provoked
7,2015,uninjured,TAS,-42.63333333,147.9833333,white shark,Provoked
9,1978,uninjured,TAS,-43.16666667,147.9833333,white shark,Provoked
10,1984,uninjured,TAS,-43.13333333,148,white shark,Provoked
8,1972,injured,TAS,-43.23333333,148,white shark,Provoked
2,1972,injured,VIC,-38.81666667,148.0833333,white shark,Unprovoked
10,2019,injured,QLD,-20.3441,148.1893,other,Unprovoked
10,2019,injured,QLD,-20.11357099,148.9270358,other,
10,1989,uninjured,TAS,-41.43333333,148.2666667,white shark,Unprovoked
1,2009,injured,TAS,-41.23333333,148.3,white shark,Unprovoked
12,1966,injured,TAS,-41.86666667,148.3,white shark,Provoked
1,1971,injured,TAS,-41.15,148.35,other,Unprovoked
4,1990,fatal,QLD,-19.16666667,148.3833333,tiger shark,Provoked
1,1934,uninjured,QLD,-20,148.45,tiger shark,Provoked
8,1881,injured,QLD,-20,148.8,tiger shark,Provoked
3,1929,injured,QLD,-19.51666667,148.8333333,other,Provoked
1,1993,injured,QLD,-20.05,148.8833333,other,Provoked
8,1942,injured,QLD,-20.08333333,148.8833333,other,Provoked
2,1997,injured,QLD,-20.26666667,148.9,other,Unprovoked
12,1997,injured,QLD,-20.11666667,148.9166667,bull shark,Unprovoked
11,2018,fatal,QLD,-20.25,148.9333,other,Unprovoked
9,2018,injured,QLD,-20.25,148.9333,tiger shark,Unprovoked
9,2018,injured,QLD,-20.25,148.9333,tiger shark,Unprovoked
2,2010,injured,QLD,-20.35,148.9333333,bull shark,Unprovoked
8,1949,injured,TAS,-40.11666667,148.9333333,white shark,Unprovoked
10,2016,injured,QLD,-20.23333333,148.95,other,Provoked
1,1997,injured,QLD,-20.25,148.9666667,tiger shark,Unprovoked
3,1928,injured,QLD,-19.8,149.05,tiger shark,Provoked
2,1956,fatal,QLD,-21.11666667,149.15,bull shark,Unprovoked
11,1984,fatal,QLD,-21.05,149.1833333,tiger shark,Unprovoked
2,1984,injured,QLD,-21.13333333,149.1833333,tiger shark,Unprovoked
11,1960,injured,QLD,-21.05480268,149.1946563,other,Unprovoked
12,1961,fatal,QLD,-21.06666667,149.2166667,tiger shark,Unprovoked
12,1961,injured,QLD,-21.06666667,149.2166667,tiger shark,Unprovoked
11,1910,injured,QLD,-21.16666667,149.2333333,other,Unprovoked
3,1935,injured,QLD,-21.16666667,149.2333333,other,Unprovoked
12,1939,fatal,QLD,-21.16666667,149.2333333,bull shark,Unprovoked
10,2001,injured,QLD,-16.91666667,149.25,other,Provoked
7,1936,injured,QLD,-20.81666667,149.4833333,tiger shark,Provoked
5,1936,injured,QLD,-20.81666667,149.4833333,other,Provoked
1,2017,injured,QLD,-21.96676667,149.4843833,other,Unprovoked
3,1933,injured,QLD,-20.96666667,149.75,tiger shark,Provoked
4,1929,injured,QLD,-21,149.8833333,tiger shark,Provoked
4,1995,injured,NSW,-37.05,149.9,other,Unprovoked
1,2017,injured,NSW,-36.88666667,149.9131833,other,Provoked
1,2007,injured,NSW,-37.5,149.9666667,white shark,Provoked
4,1891,uninjured,NSW,-36.71666667,149.9833333,other,Provoked
4,2014,fatal,NSW,-36.71666667,149.9833333,white shark,Unprovoked
2,1903,uninjured,NSW,-36.63333333,150,bull shark,Provoked
4,1918,uninjured,NSW,-36.44543619,150.0728759,other,Provoked
3,2009,uninjured,NSW,-35.85,150.1666667,other,Unprovoked
12,1906,uninjured,NSW,-35.7,150.1833333,other,Unprovoked
11,2014,injured,NSW,-35.73333333,150.2,other,Provoked
11,2014,injured,NSW,-35.73493963,150.2073582,other,Provoked
4,2015,injured,NSW,-35.8,150.2166667,other,Provoked
6,2015,injured,NSW,-35.65,150.2833333,tiger shark,Provoked
11,2000,uninjured,NSW,-34.63798378,150.8556434,white shark,Unprovoked
1,2015,injured,NSW,-35.33333333,150.4666667,other,Provoked
10,1972,injured,NSW,-35.35,150.4666667,white shark,Unprovoked
3,1892,injured,QLD,-23.36666667,150.5,bull shark,Unprovoked
12,1993,uninjured,QLD,-23.36666667,150.5,other,Unprovoked
11,1937,injured,QLD,-23.38333333,150.5166667,bull shark,Unprovoked
5,1940,injured,QLD,-21.4,150.5333333,tiger shark,Unprovoked
12,1921,injured,QLD,-23.38333333,150.55,bull shark,Unprovoked
9,1951,fatal,QLD,-23.38333333,150.55,bull shark,Unprovoked
1,1958,injured,NSW,-35.2,150.55,white shark,Provoked
4,1886,injured,QLD,-23.38333333,150.6333333,bull shark,Unprovoked
2,1929,injured,NSW,-35.03333333,150.7166667,other,Provoked
5,1966,fatal,NSW,-35.03333333,150.7166667,white shark,Unprovoked
9,1998,injured,NSW,-35.03333333,150.7166667,other,Unprovoked
1,1868,injured,QLD,-23.08333333,150.7333333,tiger shark,Unprovoked
1,1931,injured,QLD,-23.11666667,150.7333333,tiger shark,Unprovoked
11,1950,uninjured,QLD,-23.11666667,150.7333333,tiger shark,Unprovoked
11,1988,fatal,QLD,-23.11666667,150.7333333,tiger shark,Unprovoked
11,1988,fatal,QLD,-23.11666667,150.7333333,tiger shark,Unprovoked
12,1916,fatal,QLD,-23.11666667,150.75,tiger shark,Unprovoked
6,2014,injured,NSW,-34.83333333,150.75,other,Provoked
11,1895,fatal,NSW,-35.13333333,150.75,other,Provoked
11,2018,injured,NSW,-34.830278,150.7561,other,Unprovoked
6,2013,uninjured,NSW,-35.06666667,150.7833333,white shark,Unprovoked
1,1969,injured,NSW,-35,150.8166667,other,Provoked
3,1940,injured,NSW,-34.73333333,150.8333333,other,Provoked
2,2018,injured,NSW,-34.67,150.84,other,Unprovoked
3,2016,injured,NSW,-34.65,150.85,white shark,Unprovoked
5,1903,uninjured,NSW,-34.66666667,150.85,other,Provoked
4,1924,fatal,NSW,-34.66666667,150.85,white shark,Unprovoked
6,1969,injured,NSW,-34.66666667,150.85,other,Provoked
6,2009,injured,NSW,-34.66666667,150.85,other,Unprovoked
9,2019,injured,NSW,-34.6817,150.8511,other,Unprovoked
4,2020,uninjured,NSW,-34.6817,150.8511,bull shark,Unprovoked
2,1951,injured,NSW,-34.53333333,150.8666667,bull shark,Provoked
1,2009,injured,NSW,-34.53333333,150.8666667,other,Provoked
2,1953,injured,NSW,-34.56666667,150.8666667,other,Provoked
3,1991,injured,NSW,-34.56666667,150.8666667,other,Provoked
1,2004,uninjured,NSW,-34.56666667,150.8666667,other,Unprovoked
12,2019,injured,NSW,-34.6038,150.8676,other,Unprovoked
3,2017,injured,NSW,-34.60465,150.8677833,other,Unprovoked
1,2020,injured,NSW,-34.5343,150.8746,other,Unprovoked
4,1967,injured,NSW,-34.41666667,150.8833333,other,Provoked
1,2018,uninjured,NSW,-34.425072,150.893143,white shark,Unprovoked
1,2016,injured,QLD,-23.15,150.9,tiger shark,Provoked
4,1959,uninjured,NSW,-34.3,150.9166667,other,Provoked
6,1923,fatal,NSW,-34.35,150.9166667,white shark,Unprovoked
2,1932,injured,NSW,-34.36666667,150.9166667,other,Provoked
2,1966,injured,NSW,-34.28333333,150.9333333,white shark,Unprovoked
2,1935,injured,NSW,-34.3,150.9333333,white shark,Unprovoked
2,1963,injured,NSW,-34.3,150.9333333,other,Provoked
11,1995,injured,QLD,-23.16666667,150.95,tiger shark,Unprovoked
12,1934,fatal,NSW,-33.93333333,150.9666667,bull shark,Unprovoked
1,1924,fatal,NSW,-33.8,151.0166667,bull shark,Unprovoked
10,1885,uninjured,NSW,-33.81666667,151.05,bull shark,Unprovoked
10,2016,injured,NSW,-28.7048768,153.6159434,white shark,Unprovoked
2,1914,injured,NSW,-33.83333333,151.0666667,bull shark,Unprovoked
12,1930,injured,NSW,-33.83333333,151.0666667,bull shark,Unprovoked
1,1906,fatal,NSW,-33.98333333,151.0666667,bull shark,Unprovoked
1,1934,injured,NSW,-33.98333333,151.0666667,bull shark,Unprovoked
12,1939,injured,NSW,-33.98333333,151.0666667,bull shark,Unprovoked
6,2017,uninjured,NSW,-33.46518434,151.4354637,white shark,Unprovoked
12,1887,fatal,NSW,-33.81666667,151.0833333,bull shark,Unprovoked
1,1946,fatal,NSW,-33.98333333,151.0833333,bull shark,Unprovoked
1,1927,fatal,NSW,-34.05,151.0833333,tiger shark,Unprovoked
1,1903,fatal,NSW,-33.81666667,151.15,bull shark,Unprovoked
1,1912,fatal,NSW,-33.81666667,151.15,bull shark,Unprovoked
11,1878,injured,NSW,-33.85,151.15,other,Unprovoked
1,1883,fatal,NSW,-33.85,151.15,bull shark,Unprovoked
12,1888,fatal,NSW,-33.85,151.15,bull shark,Unprovoked
12,1895,fatal,NSW,-33.85,151.15,bull shark,Unprovoked
1,1900,injured,NSW,-33.85,151.15,bull shark,Unprovoked
1,1914,uninjured,NSW,-33.85,151.15,bull shark,Unprovoked
11,1936,injured,NSW,-33.95,151.15,other,Unprovoked
2,1940,fatal,NSW,-33.95,151.15,bull shark,Unprovoked
1,1940,fatal,NSW,-33.95,151.15,tiger shark,Unprovoked
12,1998,injured,NSW,-33.95,151.15,other,Provoked
1,1938,uninjured,NSW,-34.03333333,151.15,white shark,Unprovoked
2,2000,uninjured,NSW,-34.03333333,151.15,white shark,Unprovoked
3,2016,uninjured,NSW,-34.03333333,151.15,white shark,Unprovoked
4,1841,fatal,NSW,-33.83333333,151.1666667,bull shark,Unprovoked
1,1912,injured,NSW,-33.83333333,151.1666667,other,Unprovoked
2,2018,injured,NSW,-33.993,151.1753,white shark,Unprovoked
12,1929,fatal,NSW,-33.85,151.1833333,bull shark,Unprovoked
1,1832,injured,NSW,-33.86666667,151.1833333,bull shark,Provoked
1,1896,fatal,NSW,-33.86666667,151.1833333,bull shark,Unprovoked
12,1971,fatal,QLD,-23.48333333,151.2,tiger shark,Unprovoked
1,1960,fatal,NSW,-33.76666667,151.2,bull shark,Unprovoked
12,1849,fatal,NSW,-33.81666667,151.2,bull shark,Unprovoked
7,1876,uninjured,NSW,-33.85,151.2,other,Provoked
5,1882,injured,NSW,-33.85,151.2,other,Unprovoked
1,1791,fatal,NSW,-33.86666667,151.2,white shark,Unprovoked
1,1807,injured,NSW,-33.86666667,151.2,bull shark,Unprovoked
11,1855,fatal,NSW,-33.86666667,151.2,bull shark,Unprovoked
1,1874,injured,NSW,-33.86666667,151.2,bull shark,Unprovoked
12,1877,injured,NSW,-33.86666667,151.2,bull shark,Unprovoked
6,1879,fatal,NSW,-33.86666667,151.2,bull shark,Unprovoked
12,1883,fatal,NSW,-33.86666667,151.2,bull shark,Unprovoked
4,1918,uninjured,NSW,-33.86666667,151.2,bull shark,Unprovoked
2,1953,injured,NSW,-33.86666667,151.2,other,Provoked
1,1989,injured,NSW,-33.86666667,151.2,other,Provoked
2,1996,injured,NSW,-33.86666667,151.2,bull shark,Unprovoked
2,1997,uninjured,NSW,-33.86666667,151.2,bull shark,Unprovoked
3,2000,injured,NSW,-33.86666667,151.2,bull shark,Unprovoked
3,2000,uninjured,NSW,-33.86666667,151.2,bull shark,Unprovoked
2,2002,uninjured,NSW,-33.86666667,151.2,bull shark,Unprovoked
11,1949,injured,NSW,-34,151.2,other,Provoked
2,1932,injured,QLD,-23.83333333,151.2166667,bull shark,Provoked
12,1942,fatal,NSW,-33.76666667,151.2166667,bull shark,Unprovoked
1,1942,fatal,NSW,-33.76666667,151.2166667,bull shark,Unprovoked
2,1899,injured,NSW,-33.78333333,151.2166667,bull shark,Unprovoked
12,1916,fatal,NSW,-33.78333333,151.2166667,bull shark,Unprovoked
2,1955,fatal,NSW,-33.78333333,151.2166667,bull shark,Unprovoked
1,1825,injured,NSW,-33.85,151.2166667,bull shark,Unprovoked
12,1840,fatal,NSW,-33.85,151.2166667,bull shark,Unprovoked
11,1853,injured,NSW,-33.85,151.2166667,other,Provoked
1,1855,uninjured,NSW,-33.85,151.2166667,bull shark,Unprovoked
2,2009,injured,NSW,-33.85,151.2166667,bull shark,Unprovoked
12,1900,fatal,NSW,-33.78333333,151.2333333,bull shark,Unprovoked
12,1907,fatal,NSW,-33.78333333,151.2333333,bull shark,Unprovoked
1,1963,fatal,NSW,-33.78333333,151.2333333,bull shark,Unprovoked
1,1931,injured,NSW,-33.8,151.2333333,other,Unprovoked
1,1915,fatal,NSW,-33.83333333,151.2333333,bull shark,Unprovoked
1,1919,fatal,NSW,-33.83333333,151.2333333,bull shark,Unprovoked
3,1995,uninjured,NSW,-33.85,151.2333333,bull shark,Unprovoked
11,1881,fatal,NSW,-33.86666667,151.2333333,bull shark,Unprovoked
1,1991,injured,QLD,-23.83333333,151.25,other,Unprovoked
1,1955,fatal,NSW,-33.81666667,151.25,bull shark,Provoked
1,1938,injured,NSW,-33.85,151.25,bull shark,Provoked
12,1948,uninjured,NSW,-33.85,151.25,tiger shark,Provoked
2,1912,injured,NSW,-33.91666667,151.25,white shark,Unprovoked
3,1922,fatal,NSW,-33.91666667,151.25,white shark,Unprovoked
2,1922,fatal,NSW,-33.91666667,151.25,white shark,Unprovoked
3,1925,injured,NSW,-33.91666667,151.25,white shark,Unprovoked
12,1966,injured,NSW,-33.91666667,151.25,other,Provoked
1,2003,injured,NSW,-33.91666667,151.25,other,Unprovoked
2,1895,fatal,NSW,-33.93333333,151.25,bull shark,Unprovoked
2,1929,fatal,NSW,-33.93333333,151.25,white shark,Unprovoked
3,1935,fatal,NSW,-33.93333333,151.25,white shark,Unprovoked
12,1953,injured,NSW,-33.93333333,151.25,white shark,Unprovoked
12,1953,uninjured,NSW,-33.93333333,151.25,white shark,Unprovoked
4,2000,uninjured,NSW,-33.93333333,151.25,other,Unprovoked
3,2009,injured,NSW,-33.93333333,151.25,other,Unprovoked
12,2011,injured,NSW,-33.93333333,151.25,other,Provoked
2,1945,injured,NSW,-33.95,151.25,other,Provoked
12,1995,injured,NSW,-33.55,151.2666667,bull shark,Unprovoked
6,1832,injured,NSW,-33.83333333,151.2666667,white shark,Provoked
4,1928,injured,NSW,-33.88333333,151.2666667,white shark,Unprovoked
1,1929,fatal,NSW,-33.88333333,151.2666667,white shark,Unprovoked
2,1929,fatal,NSW,-33.88333333,151.2666667,white shark,Unprovoked
1,1936,uninjured,NSW,-33.88333333,151.2666667,white shark,Provoked
1,1949,uninjured,NSW,-33.88333333,151.2666667,other,Provoked
2,1951,injured,NSW,-33.88333333,151.2666667,other,Unprovoked
3,2006,uninjured,NSW,-33.88333333,151.2666667,other,Unprovoked
2,2009,injured,NSW,-33.88333333,151.2666667,white shark,Unprovoked
2,1924,injured,NSW,-33.9,151.2666667,white shark,Unprovoked
4,2001,injured,NSW,-33.9,151.2666667,other,Provoked
4,2005,uninjured,NSW,-33.9,151.2666667,white shark,Unprovoked
8,2006,uninjured,NSW,-33.9,151.2666667,white shark,Provoked
3,1916,injured,NSW,-33.76666667,151.2833333,white shark,Unprovoked
11,1915,injured,NSW,-33.78333333,151.2833333,other,Unprovoked
1,1934,injured,NSW,-33.78333333,151.2833333,white shark,Unprovoked
4,1934,fatal,NSW,-33.78333333,151.2833333,white shark,Unprovoked
2,1936,fatal,NSW,-33.78333333,151.2833333,white shark,Unprovoked
1,1942,uninjured,NSW,-33.78333333,151.2833333,white shark,Provoked
12,1960,injured,NSW,-33.78333333,151.2833333,other,Unprovoked
11,1975,injured,NSW,-33.78333333,151.2833333,other,Provoked
12,2002,injured,NSW,-33.78333333,151.2833333,other,Unprovoked
7,2007,injured,NSW,-33.78333333,151.2833333,other,Unprovoked
12,1883,uninjured,NSW,-33.8,151.2833333,bull shark,Provoked
2,1887,uninjured,NSW,-33.8,151.2833333,other,Unprovoked
7,2019,injured,NSW,-33.8005,151.2979,other,Unprovoked
1,1909,injured,NSW,-33.48333333,151.3,bull shark,Unprovoked
12,1934,injured,NSW,-33.48333333,151.3,bull shark,Unprovoked
12,1934,fatal,NSW,-33.48333333,151.3,bull shark,Unprovoked
1,1949,uninjured,NSW,-33.66666667,151.3,white shark,Unprovoked
4,1996,injured,NSW,-33.66666667,151.3,other,Unprovoked
4,1996,injured,NSW,-33.66666667,151.3,other,Unprovoked
2,2010,injured,NSW,-33.66666667,151.3,other,Unprovoked
3,1935,fatal,NSW,-33.7,151.3,white shark,Unprovoked
12,1929,injured,NSW,-33.71666667,151.3,other,Unprovoked
2,1953,injured,NSW,-33.71666667,151.3,other,Provoked
10,2013,injured,NSW,-33.71666667,151.3,other,Provoked
3,1953,injured,NSW,-33.73333333,151.3,tiger shark,Provoked
1,1962,uninjured,NSW,-33.73333333,151.3,white shark,Unprovoked
3,1934,fatal,NSW,-33.75,151.3,white shark,Unprovoked
12,2012,uninjured,NSW,-33.75,151.3,white shark,Unprovoked
5,1986,injured,NSW,-33.81666667,151.3,other,Unprovoked
8,1986,injured,NSW,-33.81666667,151.3,other,Unprovoked
2,2016,injured,NSW,-23.56666667,151.3166667,other,Provoked
1,1973,injured,NSW,-33.51666667,151.3166667,white shark,Unprovoked
3,2012,uninjured,NSW,-33.55,151.3166667,other,Unprovoked
3,1951,injured,NSW,-33.63333333,151.3166667,other,Provoked
3,2009,injured,NSW,-33.63333333,151.3166667,white shark,Unprovoked
2,1949,uninjured,NSW,-33.65,151.3166667,white shark,Unprovoked
11,1962,uninjured,NSW,-33.73333333,151.3166667,other,Provoked
12,2008,uninjured,NSW,-33.73333333,151.3166667,white shark,Provoked
1,1991,uninjured,NSW,-33.51666667,151.3666667,other,Unprovoked
3,2000,uninjured,NSW,-33.48333333,151.4166667,white shark,Unprovoked
12,1951,uninjured,NSW,-33.36666667,151.4333333,white shark,Unprovoked
1,1954,injured,NSW,-33.45,151.4333333,other,Unprovoked
12,2009,injured,NSW,-33.45,151.4333333,other,Provoked
1,2012,injured,NSW,-33.45,151.4333333,white shark,Unprovoked
10,2014,injured,NSW,-33.45,151.4333333,other,Provoked
11,2017,injured,NSW,-33.465,151.435,white shark,Unprovoked
3,1955,fatal,NSW,-33.41666667,151.45,white shark,Unprovoked
1,1863,fatal,NSW,-31.88333333,151.4666667,bull shark,Unprovoked
3,2005,uninjured,NSW,-33.38333333,151.4833333,white shark,Unprovoked
11,2018,injured,NSW,-33.37,151.4859,other,Unprovoked
1,1880,injured,NSW,-33.08333333,151.5,bull shark,Unprovoked
2,1920,uninjured,NSW,-33.33333333,151.5,other,Provoked
2,1954,fatal,NSW,-33.33333333,151.5,white shark,Unprovoked
5,2001,injured,NSW,-33.23333333,151.5333333,white shark,Unprovoked
7,1988,injured,NSW,-33.26666667,151.5666667,white shark,Unprovoked
1,2021,injured,NSW,-33.0833,151.5833,bull shark,Unprovoked
10,1946,injured,NSW,-33.05,151.6333333,bull shark,Unprovoked
2,1958,uninjured,NSW,-33.05,151.6333333,bull shark,Provoked
4,1882,fatal,NSW,-33.08333333,151.65,white shark,Unprovoked
2,2004,injured,NSW,-33.1,151.65,other,Provoked
2,2016,uninjured,NSW,-34,151.65,white shark,Unprovoked
12,1876,injured,NSW,-32.76666667,151.7,bull shark,Unprovoked
5,2012,uninjured,NSW,-33,151.7,white shark,Unprovoked
1,2020,injured,QLD,-23.2951,151.7079,other,Unprovoked
4,2020,fatal,QLD,-23.2951,151.7079,other,Unprovoked
12,2019,injured,QLD,-23.3,151.71,other,
7,1920,injured,QLD,-20.9,151.7166667,tiger shark,Provoked
11,1874,injured,NSW,-33,151.7166667,other,Provoked
10,1932,injured,NSW,-33,151.7166667,white shark,Unprovoked
1,2012,injured,NSW,-33,151.7166667,white shark,Unprovoked
1,1920,fatal,NSW,-32.9,151.75,bull shark,Unprovoked
12,1936,fatal,NSW,-32.9,151.75,bull shark,Unprovoked
10,1907,injured,NSW,-32.93333333,151.75,white shark,Unprovoked
1,1923,uninjured,NSW,-32.93333333,151.75,white shark,Provoked
3,1927,injured,NSW,-32.93333333,151.75,white shark,Unprovoked
4,1928,fatal,NSW,-32.93333333,151.75,white shark,Unprovoked
2,1937,fatal,NSW,-32.93333333,151.75,white shark,Unprovoked
1,1949,fatal,NSW,-32.93333333,151.75,white shark,Unprovoked
12,1951,fatal,NSW,-32.93333333,151.75,white shark,Unprovoked
4,1957,injured,NSW,-32.93333333,151.75,other,Unprovoked
4,2002,injured,NSW,-32.93333333,151.75,other,Unprovoked
2,2015,injured,NSW,-32.95,151.75,other,Unprovoked
1,1910,fatal,NSW,-32.9,151.7666667,bull shark,Unprovoked
11,1894,injured,NSW,-32.91666667,151.7833333,white shark,Unprovoked
3,1918,injured,NSW,-32.91666667,151.7833333,white shark,Unprovoked
1,1919,injured,NSW,-32.91666667,151.7833333,white shark,Unprovoked
3,1925,fatal,NSW,-32.91666667,151.7833333,white shark,Unprovoked
4,2006,injured,NSW,-32.91666667,151.7833333,other,Unprovoked
1,1922,injured,NSW,-32.85,151.8333333,white shark,Unprovoked
12,1940,fatal,NSW,-32.85,151.8333333,tiger shark,Unprovoked
2,1948,fatal,NSW,-32.85,151.8333333,tiger shark,Unprovoked
10,2004,injured,NSW,-32.85,151.8333333,white shark,Unprovoked
12,1966,injured,QLD,-23.43333333,151.9,other,Unprovoked
3,1996,injured,QLD,-23.43333333,151.9,other,Unprovoked
12,2000,injured,QLD,-23.43333333,151.9,other,Provoked
12,2009,injured,QLD,-23.43333333,151.9,other,Provoked
1,2016,injured,QLD,-23.43333333,151.9,other,Unprovoked
12,1934,injured,NSW,-33.95,151.9666667,bull shark,Unprovoked
1,2015,injured,NSW,-32.68333333,152.0333333,other,Provoked
10,2017,injured,NSW,-32.798333,152.079167,other,Provoked
10,2018,injured,NSW,-32.7667,152.0833,other,Provoked
5,2019,injured,QLD,-24.7293,152.101,other,Unprovoked
12,1881,injured,QLD,-24.83333333,152.1166667,bull shark,Unprovoked
9,1898,injured,NSW,-32.71666667,152.1166667,bull shark,Provoked
4,2019,injured,NSW,-32.7501,152.1459,other,Provoked
1,1918,injured,NSW,-32.66666667,152.15,other,Provoked
9,1958,injured,NSW,-32.71666667,152.1666667,other,Provoked
5,1957,injured,NSW,-32.68333333,152.1833333,white shark,Provoked
12,2007,injured,NSW,-32.68333333,152.1833333,white shark,Unprovoked
1,2002,injured,NSW,-32.73333333,152.1833333,bull shark,Unprovoked
4,2009,uninjured,NSW,-32.73333333,152.1833333,bull shark,Unprovoked
3,2011,injured,NSW,-32.73333333,152.1833333,white shark,Unprovoked
3,1895,injured,QLD,-24.9,152.2333333,bull shark,Unprovoked
3,2007,injured,QLD,-24.71666667,152.2666667,bull shark,Unprovoked
4,1960,uninjured,NSW,-32.6,152.3166667,other,Provoked
2,2012,injured,NSW,-32.6,152.3166667,other,Provoked
1,1939,uninjured,NSW,-29.41666667,152.3333333,bull shark,Provoked
2,1992,uninjured,QLD,-24.86666667,152.35,tiger shark,Unprovoked
10,1988,uninjured,QLD,-23.9,152.3833333,tiger shark,Provoked
1,2010,uninjured,QLD,-24.8,152.45,white shark,Unprovoked
11,2019,injured,QLD,-24.8312,152.4592,other,Unprovoked
12,2009,uninjured,NSW,-32.16666667,152.5,white shark,Unprovoked
1,1944,injured,NSW,-32.16666667,152.5166667,white shark,Unprovoked
2,1987,injured,NSW,-32.16666667,152.5166667,other,Provoked
1,2007,uninjured,NSW,-32.38333333,152.5166667,white shark,Unprovoked
2,2009,uninjured,NSW,-32.38333333,152.5166667,white shark,Unprovoked
1,1980,injured,NSW,-32.43333333,152.5166667,other,Provoked
10,2003,injured,NSW,-32.43333333,152.5166667,other,Unprovoked
12,2008,uninjured,NSW,-32.43333333,152.5166667,other,Unprovoked
12,2016,injured,NSW,-32.30595,152.52275,white shark,Unprovoked
10,2019,uninjured,NSW,-32.4436,152.5279,white shark,Unprovoked
11,2004,injured,NSW,-32.01666667,152.5333333,other,Unprovoked
5,2015,injured,NSW,-32.01666667,152.5333333,white shark,Unprovoked
9,2015,injured,NSW,-32.06666667,152.5333333,white shark,Unprovoked
5,2011,injured,NSW,-32.45,152.5333333,other,Provoked
9,2015,injured,NSW,-33.05,152.5333333,other,Provoked
11,1920,injured,NSW,-32.2,152.55,other,Provoked
4,2004,injured,NSW,-32.2,152.55,other,Unprovoked
2,2012,uninjured,NSW,-31.98333333,152.5666667,white shark,Unprovoked
10,2014,injured,NSW,-31.98333333,152.5666667,other,Provoked
12,1999,uninjured,NSW,-32.21666667,152.6,other,Unprovoked
5,2012,injured,NSW,-32.21666667,152.6,other,Provoked
1,1881,uninjured,NSW,-31.06666667,152.6333333,bull shark,Unprovoked
1,1886,uninjured,QLD,-25.53333333,152.7,bull shark,Unprovoked
12,1922,fatal,QLD,-25.53333333,152.7,tiger shark,Unprovoked
1,1855,injured,QLD,-25.5,152.7166667,bull shark,Unprovoked
11,1874,injured,QLD,-25.5,152.7166667,bull shark,Unprovoked
3,2011,injured,NSW,-31.83333333,152.7333333,white shark,Unprovoked
12,1947,injured,NSW,-31.7,152.75,bull shark,Provoked
1,1932,injured,QLD,-27.6,152.7666667,bull shark,Unprovoked
12,2012,injured,NSW,-31.73333333,152.7833333,bull shark,Unprovoked
2,2005,injured,QLD,-27.55,152.8166667,bull shark,Unprovoked
10,1995,injured,QLD,-25,152.8333333,tiger shark,Unprovoked
1,1897,injured,NSW,-31.06666667,152.8333333,bull shark,Unprovoked
11,1947,fatal,NSW,-31.33333333,152.8333333,bull shark,Unprovoked
11,1947,injured,NSW,-31.33333333,152.8333333,bull shark,Unprovoked
1,1881,injured,QLD,-25.25,152.85,tiger shark,Unprovoked
2,2019,uninjured,NSW,-30.452,152.8979,other,Unprovoked
1,1880,injured,QLD,-27.51666667,152.9,bull shark,Unprovoked
8,2020,injured,NSW,-31.4333,152.9,white shark,Unprovoked
9,2014,injured,NSW,-31.41666667,152.9166667,other,Unprovoked
2,2009,uninjured,NSW,-31.45,152.9166667,white shark,Unprovoked
12,2013,injured,NSW,-31.45,152.9166667,other,Unprovoked
3,2014,injured,NSW,-31.46666667,152.9166667,other,Provoked
8,2015,injured,NSW,-31.46666667,152.9166667,white shark,Unprovoked
11,2020,injured,NSW,-31.4295,152.9193,other,Unprovoked
6,2007,injured,NSW,-31.18333333,152.9666667,bull shark,Unprovoked
8,2010,injured,NSW,-31.18333333,152.9666667,white shark,Unprovoked
3,2016,uninjured,NSW,-31.18333333,152.9666667,white shark,Unprovoked
5,2010,injured,NSW,-31.3,152.9666667,bull shark,Unprovoked
4,2020,injured,NSW,-31.19,152.98,other,Unprovoked
8,1836,fatal,QLD,-25.48333333,152.9833333,other,Unprovoked
8,1836,fatal,QLD,-25.48333333,152.9833333,other,Unprovoked
4,1928,injured,QLD,-27.51666667,152.9833333,bull shark,Unprovoked
2,1999,injured,NSW,-30.56666667,152.9833333,white shark,Unprovoked
1,2004,injured,NSW,-30.56666667,152.9833333,other,Unprovoked
12,1996,injured,QLD,-26.5,153,other,Unprovoked
10,1998,injured,QLD,-26.5,153,other,Provoked
1,1869,injured,QLD,-27.46666667,153,bull shark,Unprovoked
1,1895,uninjured,QLD,-27.46666667,153,bull shark,Unprovoked
1,1901,fatal,QLD,-27.46666667,153,bull shark,Unprovoked
12,1901,injured,QLD,-27.46666667,153,bull shark,Unprovoked
1,1902,injured,QLD,-27.48333333,153,bull shark,Unprovoked
12,2018,injured,NSW,-30.643181,153.008839,other,Unprovoked
1,1872,injured,QLD,-25.8,153.0166667,other,Unprovoked
1,1870,injured,QLD,-27.46666667,153.0166667,bull shark,Unprovoked
1,1940,injured,QLD,-27.48333333,153.0166667,bull shark,Unprovoked
4,2001,injured,NSW,-30.63333333,153.0166667,other,Unprovoked
1,2004,injured,NSW,-30.63333333,153.0166667,other,Unprovoked
12,1919,fatal,NSW,-30.91666667,153.0166667,bull shark,Unprovoked
1,1837,fatal,NSW,-30.93333333,153.0166667,bull shark,Unprovoked
11,1880,fatal,QLD,-27.46666667,153.0333333,bull shark,Unprovoked
2,1927,uninjured,QLD,-27.46666667,153.0333333,bull shark,Unprovoked
4,1960,injured,NSW,-30.86666667,153.0333333,white shark,Unprovoked
12,2012,injured,NSW,-30.86666667,153.0333333,other,Provoked
7,1878,injured,QLD,-25.8,153.05,bull shark,Provoked
11,1912,injured,QLD,-27.31666667,153.05,tiger shark,Unprovoked
11,1913,injured,QLD,-27.31666667,153.05,tiger shark,Unprovoked
1,1914,injured,QLD,-27.31666667,153.05,other,Unprovoked
12,1966,injured,NSW,-30.88333333,153.05,other,Provoked
1,2001,uninjured,NSW,-30.88333333,153.05,white shark,Unprovoked
4,2017,uninjured,QLD,-27.05206667,153.05745,other,Unprovoked
7,2019,injured,QLD,-26.7994,153.0611,bull shark,Unprovoked
4,1929,injured,QLD,-26.98333333,153.0666667,bull shark,Provoked
11,1915,injured,QLD,-27.31666667,153.0666667,bull shark,Unprovoked
9,1990,injured,QLD,-25.9,153.0833333,other,Unprovoked
12,1961,fatal,QLD,-26.36666667,153.0833333,bull shark,Unprovoked
2,2002,injured,QLD,-26.36666667,153.0833333,other,Unprovoked
1,2013,injured,QLD,-26.36666667,153.0833333,tiger shark,Unprovoked
1,2001,uninjured,QLD,-26.38333333,153.0833333,tiger shark,Unprovoked
11,2011,injured,QLD,-26.46666667,153.0833333,other,Provoked
7,1975,injured,QLD,-26.65,153.0833333,white shark,Unprovoked
11,1847,injured,QLD,-27.43333333,153.0833333,bull shark,Unprovoked
12,1892,injured,QLD,-27.43333333,153.0833333,bull shark,Unprovoked
2,1936,uninjured,QLD,-27.43333333,153.0833333,bull shark,Unprovoked
9,2005,uninjured,NSW,-30.88333333,153.0833333,tiger shark,Unprovoked
2,1937,injured,NSW,-30.91666667,153.0833333,other,Unprovoked
7,1997,injured,QLD,-26.65,153.1,tiger shark,Unprovoked
12,1959,uninjured,QLD,-27.23333333,153.1,tiger shark,Provoked
11,1950,injured,QLD,-28.1,153.1,bull shark,Unprovoked
2,2003,fatal,QLD,-28.1,153.1,bull shark,Unprovoked
7,2015,uninjured,QLD,-28.1,153.1,white shark,Unprovoked
3,1918,injured,NSW,-28.15,153.1,tiger shark,Unprovoked
6,2018,injured,NSW,-30.296,153.11,other,Unprovoked
1,1959,injured,QLD,-26.66666667,153.1166667,other,Unprovoked
1,1979,uninjured,QLD,-26.66666667,153.1166667,other,Provoked
12,1978,injured,QLD,-26.8,153.1166667,bull shark,Unprovoked
11,1938,injured,QLD,-27.35,153.1166667,other,Provoked
3,1904,injured,QLD,-27.41666667,153.1166667,bull shark,Unprovoked
7,2020,fatal,QLD,-25.2398,153.1325,other,Provoked
8,1977,fatal,QLD,-26.68333333,153.1333333,tiger shark,Unprovoked
5,2006,injured,QLD,-26.68333333,153.1333333,other,Provoked
2,2012,uninjured,QLD,-26.75,153.1333333,other,Unprovoked
4,1863,fatal,QLD,-26.8,153.1333333,tiger shark,Unprovoked
12,1948,fatal,QLD,-26.8,153.1333333,tiger shark,Unprovoked
2,2006,injured,QLD,-26.8,153.1333333,other,Unprovoked
1,2016,injured,QLD,-26.8,153.1333333,other,Provoked
11,2013,fatal,NSW,-30.26666667,153.1333333,tiger shark,Unprovoked
4,2002,uninjured,NSW,-30.28333333,153.1333333,bull shark,Provoked
10,2003,injured,NSW,-30.28333333,153.1333333,other,Unprovoked
9,2005,injured,NSW,-30.3,153.1333333,other,Unprovoked
11,2018,uninjured,QLD,-26.791,153.139,tiger shark,Unprovoked
1,2020,uninjured,NSW,-30.3119,153.1427,bull shark,Unprovoked
12,1862,fatal,QLD,-27.36666667,153.15,bull shark,Unprovoked
12,1960,injured,QLD,-27.36666667,153.15,bull shark,Unprovoked
11,1921,fatal,QLD,-27.43333333,153.15,bull shark,Unprovoked
11,1921,injured,QLD,-27.43333333,153.15,bull shark,Unprovoked
1,1902,injured,QLD,-27.43333333,153.1666667,other,Provoked
10,1938,injured,QLD,-27.43333333,153.1666667,tiger shark,Provoked
12,1959,fatal,QLD,-27.43333333,153.1666667,tiger shark,Unprovoked
12,1899,injured,QLD,-27.55,153.1833333,bull shark,Unprovoked
4,1914,injured,NSW,-29.43333333,153.1833333,bull shark,Provoked
10,1926,injured,NSW,-29.45,153.1833333,bull shark,Unprovoked
1,1961,injured,NSW,-30.63333333,153.1833333,other,Provoked
10,2010,injured,NSW,-30.06666667,153.2,other,Unprovoked
10,2019,uninjured,QLD,-27.0609,153.2006,other,
6,1917,injured,QLD,-27.23333333,153.2166667,other,Provoked
2,1915,injured,QLD,-27.26666667,153.2166667,other,Unprovoked
1,1850,fatal,QLD,-27.28333333,153.2166667,tiger shark,Unprovoked
11,1892,injured,QLD,-27.45,153.2166667,other,Unprovoked
12,1898,injured,QLD,-27.46666667,153.2166667,other,Provoked
4,1972,injured,QLD,-27.46666667,153.2333333,other,Unprovoked
10,2016,injured,QLD,-27.335,153.235,white shark,Unprovoked
3,1847,injured,QLD,-27.25,153.25,bull shark,Unprovoked
3,1977,fatal,QLD,-27.25,153.25,tiger shark,Unprovoked
3,1977,fatal,QLD,-27.25,153.25,tiger shark,Unprovoked
1,1861,injured,QLD,-27.51666667,153.2666667,other,Unprovoked
3,1905,injured,NSW,-28.8,153.2666667,bull shark,Unprovoked
12,1920,injured,NSW,-28.8,153.2666667,bull shark,Unprovoked
7,2020,fatal,NSW,-29.853,153.2715,white shark,Unprovoked
3,1903,fatal,QLD,-27.7,153.2833333,bull shark,Unprovoked
2,2009,uninjured,NSW,-29.76666667,153.2833333,white shark,Unprovoked
1,1863,fatal,QLD,-27.58333333,153.3166667,tiger shark,Provoked
9,2017,injured,NSW,-29.59387,153.3322,white shark,Unprovoked
3,1992,uninjured,QLD,-27.98333333,153.3333333,bull shark,Provoked
2,1997,injured,QLD,-27.98333333,153.3333333,bull shark,Unprovoked
11,1875,injured,NSW,-29.4,153.3333333,white shark,Provoked
12,1875,injured,NSW,-29.4,153.3333333,bull shark,Unprovoked
11,1879,injured,NSW,-29.4,153.3333333,white shark,Unprovoked
5,1913,injured,NSW,-29.4,153.3333333,bull shark,Provoked
9,2010,injured,NSW,-29.4,153.3333333,white shark,Unprovoked
3,1850,injured,NSW,-29.41666667,153.3333333,other,Unprovoked
7,1875,injured,NSW,-29.41666667,153.3333333,tiger shark,Unprovoked
11,1995,injured,NSW,-29.53333333,153.3333333,bull shark,Provoked
2,2001,injured,NSW,-29.6,153.3333333,tiger shark,Unprovoked
3,2003,injured,NSW,-29.41666667,153.35,other,Unprovoked
12,2001,injured,NSW,-29.43333333,153.35,other,Unprovoked
4,2013,injured,NSW,-29.46666667,153.35,other,Provoked
12,2011,injured,NSW,-29.48333333,153.35,white shark,Unprovoked
2,2010,uninjured,NSW,-29.41666667,153.3666667,white shark,Unprovoked
7,2015,injured,NSW,-29.43333333,153.3666667,white shark,Unprovoked
12,1985,injured,NSW,-29.91666667,153.3833333,other,Provoked
5,1870,injured,QLD,-27.08333333,153.4,other,Provoked
10,1992,fatal,QLD,-27.08333333,153.4,white shark,Unprovoked
11,2005,uninjured,QLD,-27.18333333,153.4,other,Unprovoked
1,1996,injured,QLD,-27.85,153.4,bull shark,Unprovoked
11,1989,injured,QLD,-28.03333333,153.4,bull shark,Unprovoked
10,1990,injured,QLD,-28.03333333,153.4,bull shark,Unprovoked
1,1991,injured,QLD,-28.03333333,153.4,bull shark,Unprovoked
12,1923,injured,NSW,-28.31666667,153.4,bull shark,Unprovoked
10,2001,uninjured,QLD,-27.28333333,153.4166667,tiger shark,Unprovoked
4,1994,injured,QLD,-27.93333333,153.4166667,other,Unprovoked
12,2007,injured,QLD,-27.93333333,153.4166667,other,Unprovoked
3,2000,injured,QLD,-27.96666667,153.4166667,white shark,Unprovoked
1,1994,injured,QLD,-27.98333333,153.4166667,bull shark,Unprovoked
5,2014,injured,QLD,-27.98333333,153.4166667,bull shark,Unprovoked
1,1940,injured,QLD,-28,153.4166667,tiger shark,Unprovoked
8,1956,injured,QLD,-28,153.4166667,other,Provoked
11,1958,fatal,QLD,-28,153.4166667,tiger shark,Unprovoked
11,1990,injured,QLD,-28,153.4166667,bull shark,Unprovoked
12,2002,fatal,QLD,-28.05,153.4166667,bull shark,Unprovoked
1,1994,injured,QLD,-27.98732688,153.4271116,bull shark,Unprovoked
10,1999,injured,QLD,-27.38333333,153.4333333,other,Provoked
1,2006,fatal,QLD,-27.4,153.4333333,bull shark,Unprovoked
11,1959,injured,QLD,-28.01666667,153.4333333,tiger shark,Provoked
3,2012,injured,QLD,-28.05,153.4333333,bull shark,Provoked
10,1933,injured,NSW,-29.1,153.4333333,other,Provoked
1,1949,injured,NSW,-29.1,153.4333333,other,Provoked
1,1952,injured,NSW,-29.1,153.4333333,other,Unprovoked
12,1997,injured,NSW,-29.1,153.4333333,other,Unprovoked
12,2009,injured,NSW,-29.1,153.4333333,white shark,Unprovoked
7,2015,injured,NSW,-29.1,153.4333333,white shark,Unprovoked
12,1919,injured,QLD,-27.08333333,153.45,other,Provoked
1,2015,uninjured,QLD,-27.63333333,153.45,bull shark,Unprovoked
4,1977,injured,QLD,-28.08333333,153.45,bull shark,Unprovoked
12,1950,fatal,QLD,-28.1,153.4666667,tiger shark,Unprovoked
12,2013,injured,QLD,-28.1,153.4666667,other,Unprovoked
12,1953,injured,QLD,-28.11666667,153.4666667,white shark,Unprovoked
6,1933,injured,QLD,-28.13333333,153.4666667,bull shark,Unprovoked
4,1934,injured,QLD,-28.15,153.4833333,tiger shark,Unprovoked
3,1918,injured,QLD,-28.15,153.5166667,other,Provoked
10,1937,fatal,QLD,-28.16666667,153.5166667,tiger shark,Unprovoked
10,1937,fatal,QLD,-28.16666667,153.5166667,tiger shark,Unprovoked
8,1973,injured,QLD,-27.41666667,153.5333333,white shark,Unprovoked
3,1980,injured,QLD,-27.41666667,153.5333333,other,Unprovoked
2,1962,injured,QLD,-28.15,153.5333333,other,Provoked
4,1990,uninjured,QLD,-28.15,153.5333333,tiger shark,Unprovoked
1,1997,injured,QLD,-28.15,153.5333333,bull shark,Unprovoked
4,2008,injured,QLD,-28.15,153.5333333,other,Unprovoked
12,1929,uninjured,QLD,-28.16666667,153.5333333,other,Unprovoked
11,1983,injured,QLD,-28.16666667,153.5333333,tiger shark,Unprovoked
1,1992,injured,QLD,-28.16666667,153.5333333,white shark,Unprovoked
11,2001,uninjured,NSW,-28.81666667,153.5333333,white shark,Unprovoked
9,2020,fatal,QLD,-28.164,153.5476,other,Unprovoked
1,2012,uninjured,NSW,-28.16666667,153.55,tiger shark,Provoked
4,1990,uninjured,NSW,-28.18333333,153.55,white shark,Unprovoked
1,2009,injured,NSW,-28.18333333,153.55,white shark,Unprovoked
1,1958,injured,NSW,-28.53333333,153.55,other,Unprovoked
3,2007,injured,NSW,-28.53333333,153.55,white shark,Unprovoked
1,1989,injured,NSW,-28.88333333,153.55,white shark,Unprovoked
7,2007,injured,WA,-28.49759419,153.5523964,other,Provoked
1,2008,injured,NSW,-28.18333333,153.5666667,other,Unprovoked
2,1977,injured,NSW,-28.23333333,153.5666667,tiger shark,Unprovoked
4,2008,fatal,NSW,-28.86666667,153.5666667,bull shark,Unprovoked
2,2015,injured,NSW,-28.88333333,153.5666667,white shark,Unprovoked
6,2020,fatal,NSW,-28.2778,153.5774,white shark,Unprovoked
6,2019,injured,NSW,-28.7999,153.58,other,Unprovoked
1,1962,injured,NSW,-28.78333333,153.5833333,white shark,Unprovoked
8,1989,uninjured,NSW,-28.78333333,153.5833333,white shark,Unprovoked
10,2009,uninjured,NSW,-28.78333333,153.5833333,white shark,Unprovoked
7,2015,uninjured,NSW,-28.78333333,153.5833333,white shark,Unprovoked
2,2015,fatal,NSW,-28.85,153.5833333,white shark,Unprovoked
7,2015,injured,NSW,-28.86666667,153.5833333,white shark,Unprovoked
11,2015,injured,NSW,-28.86666667,153.5833333,bull shark,Unprovoked
9,2016,injured,NSW,-28.86666667,153.5833333,white shark,Unprovoked
5,2016,uninjured,NSW,-28.25276667,153.5921833,other,Provoked
10,1939,injured,QLD,-16.71666667,153.5943805,other,Unprovoked
11,2018,injured,NSW,-28.8632,153.5944,white shark,Unprovoked
11,2007,uninjured,NSW,-28.63333333,153.6,white shark,Unprovoked
5,2013,injured,NSW,-28.63333333,153.6,other,Provoked
9,2014,fatal,NSW,-28.63333333,153.6,white shark,Unprovoked
6,2015,uninjured,NSW,-28.63333333,153.6,white shark,Unprovoked
4,2016,injured,NSW,-28.63333333,153.6,other,Provoked
12,2011,injured,NSW,-28.7,153.6,white shark,Unprovoked
2,2007,injured,NSW,-28.83333333,153.6,white shark,Unprovoked
1,2015,uninjured,NSW,-28.83333333,153.6,white shark,Unprovoked
10,2016,injured,NSW,-28.83333333,153.6,white shark,Unprovoked
2,2019,injured,NSW,-28.6337,153.6003,white shark,Unprovoked
6,2018,uninjured,NSW,-28.84,153.601,white shark,Unprovoked
3,2015,injured,NSW,-28.84453198,153.6053903,other,Provoked
10,1937,injured,NSW,-28.63333333,153.6166667,white shark,Unprovoked
1,1957,uninjured,NSW,-28.63333333,153.6166667,white shark,Unprovoked
9,1979,injured,NSW,-28.63333333,153.6166667,other,Unprovoked
1,1981,uninjured,NSW,-28.63333333,153.6166667,tiger shark,Unprovoked
3,1982,fatal,NSW,-28.63333333,153.6166667,white shark,Unprovoked
6,1993,fatal,NSW,-28.63333333,153.6166667,white shark,Unprovoked
8,2004,injured,NSW,-28.63333333,153.6166667,other,Provoked
10,2007,injured,NSW,-28.63333333,153.6166667,white shark,Unprovoked
8,2008,uninjured,NSW,-28.63333333,153.6166667,white shark,Unprovoked
9,2008,uninjured,NSW,-28.63333333,153.6166667,white shark,Unprovoked
7,2009,injured,NSW,-28.63333333,153.6166667,other,Unprovoked
1,2015,uninjured,NSW,-28.63333333,153.6166667,white shark,Unprovoked
10,1984,uninjured,NSW,-28.68333333,153.6166667,white shark,Unprovoked
9,1974,fatal,QLD,-27.73333333,153.6833333,tiger shark,Unprovoked
2,1996,injured,NSW,-31.51666667,159.05,other,Provoked
4,2015,injured,NSW,-28.86312433,159.05,other,Provoked